{
  "spread1": 0.13902247907062396,
  "PPE": 0.13261528349849194,
  "MDVP:Fo(Hz)": 0.07597525611888528,
  "Shimmer:APQ5": 0.05743129997840986,
  "MDVP:Fhi(Hz)": 0.05044829607238385,
  "spread2": 0.0495242460137013,
  "MDVP:Shimmer(dB)": 0.0460362345955619,
  "MDVP:APQ": 0.04289449322225637,
  "D2": 0.038960984343831426,
  "MDVP:Flo(Hz)": 0.0376547041134522,
  "NHR": 0.0327529188487545,
  "Jitter:DDP": 0.032125610939619985,
  "Shimmer:DDA": 0.03193837988778314,
  "MDVP:RAP": 0.030158736040335803,
  "MDVP:Jitter(Abs)": 0.029374495141613395,
  "Shimmer:APQ3": 0.028476501954995084,
  "RPDE": 0.028045450276202814,
  "DFA": 0.027941129588436524,
  "MDVP:Shimmer": 0.025237042692399105,
  "HNR": 0.024053029443237856,
  "MDVP:Jitter(%)": 0.020580196757029535,
  "MDVP:PPQ": 0.018753243043526376
}