{
  "PPE": {
    "importance": 0.16879172463221281
  },
  "Shimmer:APQ5": {
    "importance": 0.09437133001883229
  },
  "spread1": {
    "importance": 0.0811832204313428
  },
  "MDVP:Fo(Hz)": {
    "importance": 0.06752745669530068
  },
  "MDVP:Shimmer(dB)": {
    "importance": 0.06710745060631931
  },
  "MDVP:APQ": {
    "importance": 0.051861597599925535
  },
  "spread2": {
    "importance": 0.04749043734080894
  },
  "MDVP:Fhi(Hz)": {
    "importance": 0.044182320721010804
  },
  "Shimmer:DDA": {
    "importance": 0.042765083564832024
  },
  "Shimmer:APQ3": {
    "importance": 0.038822607393831164
  },
  "D2": {
    "importance": 0.03776299401392222
  },
  "HNR": {
    "importance": 0.03451801425318615
  },
  "MDVP:Flo(Hz)": {
    "importance": 0.03343261413549012
  },
  "MDVP:Shimmer": {
    "importance": 0.027097320842449445
  },
  "MDVP:RAP": {
    "importance": 0.026125815366627614
  },
  "RPDE": {
    "importance": 0.02607026978157453
  },
  "DFA": {
    "importance": 0.02380157892582899
  },
  "Jitter:DDP": {
    "importance": 0.02240582548341039
  },
  "MDVP:Jitter(Abs)": {
    "importance": 0.01924258486434073
  },
  "MDVP:PPQ": {
    "importance": 0.018799690038949296
  },
  "NHR": {
    "importance": 0.016425437231941856
  },
  "MDVP:Jitter(%)": {
    "importance": 0.010214619538604355
  }
}