{
  "PPE": 0.16798518076816138,
  "spread1": 0.10684876276045252,
  "MDVP:APQ": 0.06028712075151335,
  "MDVP:RAP": 0.057658309473281155,
  "MDVP:Flo(Hz)": 0.05213790741507539,
  "MDVP:Fo(Hz)": 0.04782904156986485,
  "MDVP:Fhi(Hz)": 0.04689595383528833,
  "Jitter:DDP": 0.044498192492512544,
  "NHR": 0.044180439790805257,
  "MDVP:Shimmer": 0.03902578181686957,
  "HNR": 0.03622949443644498,
  "spread2": 0.03602712899741946,
  "D2": 0.035559831561356656,
  "Shimmer:APQ5": 0.03116580250525122,
  "Shimmer:APQ3": 0.030268772387653103,
  "RPDE": 0.029030381732003195,
  "Shimmer:DDA": 0.028140518308498827,
  "MDVP:Shimmer(dB)": 0.026081780656012268,
  "DFA": 0.023185320036248586,
  "MDVP:Jitter(%)": 0.021307144809630276,
  "MDVP:Jitter(Abs)": 0.02130185666127602,
  "MDVP:PPQ": 0.014355243008276515
}