{
  "MDVP:Fo(Hz)": {
    "mean": 154.22864102564102,
    "std": 41.39006474907147,
    "min": 88.333,
    "max": 260.105,
    "healthy_mean": 181.9377708333333,
    "pd_mean": 145.1807619047619
  },
  "MDVP:Fhi(Hz)": {
    "mean": 197.10491794871797,
    "std": 91.49154763503036,
    "min": 102.145,
    "max": 592.03,
    "healthy_mean": 223.63675,
    "pd_mean": 188.44146258503403
  },
  "MDVP:Flo(Hz)": {
    "mean": 116.32463076923077,
    "std": 43.52141318199365,
    "min": 65.476,
    "max": 239.17,
    "healthy_mean": 145.2072916666667,
    "pd_mean": 106.89355782312924
  },
  "MDVP:Jitter(%)": {
    "mean": 0.006220461538461538,
    "std": 0.00484813369260256,
    "min": 0.00168,
    "max": 0.03316,
    "healthy_mean": 0.0038660416666666665,
    "pd_mean": 0.006989251700680272
  },
  "MDVP:Jitter(Abs)": {
    "mean": 4.395897435897436e-05,
    "std": 3.482190859976326e-05,
    "min": 7e-06,
    "max": 0.00026,
    "healthy_mean": 2.3375000000000002e-05,
    "pd_mean": 5.068027210884354e-05
  },
  "MDVP:RAP": {
    "mean": 0.003306410256410257,
    "std": 0.0029677744162016884,
    "min": 0.00068,
    "max": 0.02144,
    "healthy_mean": 0.0019250000000000003,
    "pd_mean": 0.0037574829931972796
  },
  "MDVP:PPQ": {
    "mean": 0.003446358974358974,
    "std": 0.0027589766469679313,
    "min": 0.00092,
    "max": 0.01958,
    "healthy_mean": 0.0020560416666666665,
    "pd_mean": 0.003900340136054422
  },
  "Jitter:DDP": {
    "mean": 0.009919948717948717,
    "std": 0.008903344355858987,
    "min": 0.00204,
    "max": 0.06433,
    "healthy_mean": 0.005776041666666666,
    "pd_mean": 0.011273061224489796
  },
  "MDVP:Shimmer": {
    "mean": 0.0297091282051282,
    "std": 0.01885693185894681,
    "min": 0.00954,
    "max": 0.11908,
    "healthy_mean": 0.01761520833333333,
    "pd_mean": 0.03365816326530613
  },
  "MDVP:Shimmer(dB)": {
    "mean": 0.2822512820512821,
    "std": 0.19487729006053414,
    "min": 0.085,
    "max": 1.302,
    "healthy_mean": 0.16295833333333334,
    "pd_mean": 0.32120408163265307
  },
  "Shimmer:APQ3": {
    "mean": 0.015664153846153845,
    "std": 0.010153161595709018,
    "min": 0.00455,
    "max": 0.05647,
    "healthy_mean": 0.009503541666666667,
    "pd_mean": 0.01767578231292517
  },
  "Shimmer:APQ5": {
    "mean": 0.017878256410256407,
    "std": 0.012023705538741727,
    "min": 0.0057,
    "max": 0.0794,
    "healthy_mean": 0.010508541666666668,
    "pd_mean": 0.020284693877551024
  },
  "MDVP:APQ": {
    "mean": 0.02408148717948718,
    "std": 0.016946736247029432,
    "min": 0.00719,
    "max": 0.13778,
    "healthy_mean": 0.013304791666666668,
    "pd_mean": 0.0276004081632653
  },
  "Shimmer:DDA": {
    "mean": 0.04699261538461539,
    "std": 0.030459119431240397,
    "min": 0.01364,
    "max": 0.16942,
    "healthy_mean": 0.028511458333333337,
    "pd_mean": 0.05302727891156462
  },
  "NHR": {
    "mean": 0.02484707692307692,
    "std": 0.04041844855606928,
    "min": 0.00065,
    "max": 0.31482,
    "healthy_mean": 0.011482708333333333,
    "pd_mean": 0.029210952380952383
  },
  "HNR": {
    "mean": 21.885974358974355,
    "std": 4.425764269063427,
    "min": 8.441,
    "max": 33.047,
    "healthy_mean": 24.678749999999997,
    "pd_mean": 20.974047619047617
  },
  "RPDE": {
    "mean": 0.4985355384615385,
    "std": 0.10394171413073468,
    "min": 0.25657,
    "max": 0.685151,
    "healthy_mean": 0.442551875,
    "pd_mean": 0.5168159183673469
  },
  "DFA": {
    "mean": 0.7180990461538461,
    "std": 0.0553358303465968,
    "min": 0.574282,
    "max": 0.825288,
    "healthy_mean": 0.6957155625000001,
    "pd_mean": 0.7254079387755102
  },
  "spread1": {
    "mean": -5.684396743589745,
    "std": 1.090207763740309,
    "min": -7.964984,
    "max": -2.434031,
    "healthy_mean": -6.759263874999999,
    "pd_mean": -5.333419721088434
  },
  "spread2": {
    "mean": 0.22651034871794873,
    "std": 0.08340576262039776,
    "min": 0.006274,
    "max": 0.450493,
    "healthy_mean": 0.16029200000000002,
    "pd_mean": 0.2481326666666667
  },
  "D2": {
    "mean": 2.3818260871794874,
    "std": 0.3827990465461168,
    "min": 1.423287,
    "max": 3.671155,
    "healthy_mean": 2.1544907291666666,
    "pd_mean": 2.4560580408163264
  },
  "PPE": {
    "mean": 0.20655164102564103,
    "std": 0.09011932248227507,
    "min": 0.044539,
    "max": 0.527367,
    "healthy_mean": 0.12301710416666667,
    "pd_mean": 0.2338282244897959
  }
}